registro_id,cedula,funcionario,anio,tipo_presentacion,institucion,cargo,activos_gs,pasivos_gs,patrimonio_neto_gs,ingreso_mensual_gs,ingreso_anual_gs,egreso_mensual_gs,egreso_anual_gs,fuente
REG-100000,1329365,FUNCIONARIO_001,2018,RENOVACION DE CONTRATO,Municipalidad de Asunción,Director/a,10450421.88,0.0,10450421.88,7404019.76,7404019.76,4505193.91,3253621.83,Muestra didáctica inspirada en campos visibles de DJBR públicas
REG-100001,2500942,FUNCIONARIO_002,2018,ASUNCION AL CARGO,Municipalidad de Asunción,Chofer,10230670.78,3188590.87,7042079.909999999,18116820.55,0.0,6704423.57,10608585.72,Muestra didáctica inspirada en campos visibles de DJBR públicas
REG-100002,4385659,FUNCIONARIO_003,2022,ASUNCION AL CARGO,Instituto de Previsión Social,Enfermero/a,5186327.71,2216252.32,2970075.39,6769831.95,0.0,2558808.17,3871579.19,Muestra didáctica inspirada en campos visibles de DJBR públicas
REG-100003,3055555,FUNCIONARIO_004,2019,ACTUALIZACION,Poder Judicial,Auxiliar jurisdiccional,61261763.32,0.0,61261763.32,4325185.08,0.0,1852742.84,,Muestra didáctica inspirada en campos visibles de DJBR públicas
REG-100004,4613009,FUNCIONARIO_005,2024,ASUNCION AL CARGO,Municipalidad de Asunción,Fiscalizador/a,1690858.73,0.0,1690858.73,15521937.29,0.0,7604073.56,4094260.35,Muestra didáctica inspirada en campos visibles de DJBR públicas
REG-100005,2504384,FUNCIONARIO_006,2022,ASUNCION AL CARGO,Ministerio de Obras Públicas y Comunicaciones,Técnico/a,29182531.09,0.0,29182531.09,9932453.84,0.0,5284687.58,,Muestra didáctica inspirada en campos visibles de DJBR públicas
REG-100006,4521441,FUNCIONARIO_007,2018,ACTUALIZACION,ESSAP,Administrativo/a,13363091.64,0.0,13363091.64,4651977.53,4651977.53,2875006.75,,Muestra didáctica inspirada en campos visibles de DJBR públicas
REG-100007,1214020,FUNCIONARIO_008,2020,RENOVACION DE CONTRATO,Ministerio de Salud Pública y Bienestar Social,Chofer,3705335.35,1118899.78,2586435.5700000003,5121548.56,0.0,3932510.39,2647341.78,Muestra didáctica inspirada en campos visibles de DJBR públicas
REG-100008,4256415,FUNCIONARIO_009,2022,RENOVACION DE CONTRATO,Municipalidad de Asunción,Administrativo/a,16828736.01,0.0,16828736.01,9221690.34,0.0,5751166.91,2055475.95,Muestra didáctica inspirada en campos visibles de DJBR públicas
REG-100009,3061083,FUNCIONARIO_010,2024,CESE,Gobernación de Central,Administrativo/a,16807720.64,3667006.75,13140713.89,5467186.26,0.0,2161520.6,,Muestra didáctica inspirada en campos visibles de DJBR públicas
REG-100010,2503165,FUNCIONARIO_011,2019,ASUNCION AL CARGO,Instituto de Previsión Social,Enfermero/a,3826849.86,712054.48,3114795.38,5907097.26,0.0,2646451.16,,Muestra didáctica inspirada en campos visibles de DJBR públicas
REG-100011,3215603,FUNCIONARIO_012,2023,ASUNCION AL CARGO,Poder Judicial,Secretario/a,8376476.15,0.0,8376476.15,10491549.22,0.0,4658967.73,3745022.51,Muestra didáctica inspirada en campos visibles de DJBR públicas
REG-100012,4117697,FUNCIONARIO_013,2021,RENOVACION DE CONTRATO,Ministerio de Economía y Finanzas,Analista,23287626.05,4732130.71,18555495.34,9092125.02,0.0,5565404.87,,Muestra didáctica inspirada en campos visibles de DJBR públicas
REG-100013,4329462,FUNCIONARIO_014,2019,ACTUALIZACION,Ministerio de Salud Pública y Bienestar Social,Técnico/a,5143200.33,560539.24,4582661.09,2922802.88,0.0,1767885.36,,Muestra didáctica inspirada en campos visibles de DJBR públicas
REG-100014,3148815,FUNCIONARIO_015,2022,RENOVACION DE CONTRATO,Ministerio de Educación y Ciencias,Técnico/a,126178639.82,609399.43,125569240.38999999,5453373.4,0.0,3867423.75,,Muestra didáctica inspirada en campos visibles de DJBR públicas
REG-100015,1887121,FUNCIONARIO_016,2020,OTRO,ESSAP,Administrativo/a,6076321.26,792462.23,5283859.029999999,2429926.81,0.0,1572413.48,638352.56,Muestra didáctica inspirada en campos visibles de DJBR públicas
REG-100016,1373616,FUNCIONARIO_017,2024,ACTUALIZACION,Universidad Nacional de Asunción,Médico/a,14573484.05,0.0,14573484.05,4937069.48,0.0,3813058.66,1649720.49,Muestra didáctica inspirada en campos visibles de DJBR públicas
REG-100017,3485367,FUNCIONARIO_018,2024,OTRO,Ministerio de Salud Pública y Bienestar Social,Chofer,5783161.95,917667.05,4865494.9,3277035.64,3277035.64,2411103.26,1762709.39,Muestra didáctica inspirada en campos visibles de DJBR públicas
REG-100018,4133837,FUNCIONARIO_019,2018,CESE,Instituto de Previsión Social,Administrativo/a,15268623.38,10538967.93,4729655.450000001,5850769.94,5850769.94,2490367.7,350703.63,Muestra didáctica inspirada en campos visibles de DJBR públicas
REG-100019,4545837,FUNCIONARIO_020,2022,ASUNCION AL CARGO,Ministerio de Salud Pública y Bienestar Social,Chofer,25483651.29,0.0,25483651.29,3815331.77,0.0,1770455.18,,Muestra didáctica inspirada en campos visibles de DJBR públicas
REG-100020,3976763,FUNCIONARIO_021,2019,ACTUALIZACION,ESSAP,Operador/a,7543143.46,1810564.72,5732578.74,5053399.86,5053399.86,3646493.18,,Muestra didáctica inspirada en campos visibles de DJBR públicas
REG-100021,4471080,FUNCIONARIO_022,2022,ACTUALIZACION,Universidad Nacional de Asunción,Técnico/a,3435659.67,1953354.62,1482305.0499999998,6843129.26,6843129.26,3484304.09,,Muestra didáctica inspirada en campos visibles de DJBR públicas
REG-100022,3648081,FUNCIONARIO_023,2022,ACTUALIZACION,Poder Judicial,Actuario/a,17604023.42,4288679.33,13315344.090000002,11350922.76,0.0,5283221.03,3597152.04,Muestra didáctica inspirada en campos visibles de DJBR públicas
REG-100023,2803649,FUNCIONARIO_024,2023,CESE,Ministerio de Salud Pública y Bienestar Social,Médico/a,16273707.72,5563162.47,10710545.25,5577969.91,0.0,3195517.17,,Muestra didáctica inspirada en campos visibles de DJBR públicas
REG-100024,3317115,FUNCIONARIO_025,2020,OTRO,Ministerio de Educación y Ciencias,Administrativo/a,14506504.42,1633162.84,12873341.58,4380780.72,0.0,2685203.47,,Muestra didáctica inspirada en campos visibles de DJBR públicas
REG-100025,1666326,FUNCIONARIO_026,2021,ACTUALIZACION,Instituto de Previsión Social,Enfermero/a,10879169.04,3765365.47,7113803.569999998,7190874.32,0.0,2807405.31,,Muestra didáctica inspirada en campos visibles de DJBR públicas
REG-100026,4094791,FUNCIONARIO_027,2024,ACTUALIZACION,Poder Judicial,Auxiliar jurisdiccional,66494066.48,15189701.79,51304364.69,6639631.13,0.0,3256473.71,,Muestra didáctica inspirada en campos visibles de DJBR públicas
REG-100027,3900603,FUNCIONARIO_028,2018,ACTUALIZACION,Ministerio de Obras Públicas y Comunicaciones,Administrativo/a,19730838.97,1758337.03,17972501.939999998,4798289.77,4798289.77,3177519.96,2815246.07,Muestra didáctica inspirada en campos visibles de DJBR públicas
REG-100028,1750201,FUNCIONARIO_029,2024,ACTUALIZACION,Ministerio de Educación y Ciencias,Docente,819680.97,45479.42,774201.5499999999,2661892.78,2661892.78,998271.67,,Muestra didáctica inspirada en campos visibles de DJBR públicas
REG-100029,2686293,FUNCIONARIO_030,2022,CESE,Gobernación de Central,Director/a,5723417.2,2796649.81,2926767.39,6069107.19,6069107.19,3570894.21,,Muestra didáctica inspirada en campos visibles de DJBR públicas
REG-100030,3873817,FUNCIONARIO_031,2021,OTRO,Poder Judicial,Auxiliar jurisdiccional,25146097.26,5877639.29,19268457.970000003,6685995.13,6685995.13,2844168.95,397406.23,Muestra didáctica inspirada en campos visibles de DJBR públicas
REG-100031,1887225,FUNCIONARIO_032,2024,OTRO,Universidad Nacional de Asunción,Administrativo/a,3231146.2,1014585.64,2216560.56,1200000.0,0.0,613300.11,473067.54,Muestra didáctica inspirada en campos visibles de DJBR públicas
REG-100032,1536226,FUNCIONARIO_033,2020,ASUNCION AL CARGO,Ministerio de Salud Pública y Bienestar Social,Administrativo/a,8702454.07,2074378.37,6628075.7,10408031.34,10408031.34,7227422.27,4396795.7,Muestra didáctica inspirada en campos visibles de DJBR públicas
REG-100033,3764673,FUNCIONARIO_034,2022,ASUNCION AL CARGO,Ministerio de Salud Pública y Bienestar Social,Chofer,66072933.39,22280473.68,43792459.71,4552694.14,0.0,1729228.69,479980.99,Muestra didáctica inspirada en campos visibles de DJBR públicas
REG-100034,3922097,FUNCIONARIO_035,2019,ACTUALIZACION,Ministerio de Salud Pública y Bienestar Social,Chofer,5203940.65,3395347.93,1808592.7200000002,5669861.35,0.0,3193810.82,2444218.81,Muestra didáctica inspirada en campos visibles de DJBR públicas
REG-100035,4970001,FUNCIONARIO_036,2022,ACTUALIZACION,Instituto de Previsión Social,Técnico/a,8838363.17,2620845.73,6217517.4399999995,6009062.23,6009062.23,4662534.81,1664148.03,Muestra didáctica inspirada en campos visibles de DJBR públicas
REG-100036,1634736,FUNCIONARIO_037,2019,ASUNCION AL CARGO,Universidad Nacional de Asunción,Técnico/a,1953791.71,313078.29,1640713.42,6257897.19,0.0,3206693.09,,Muestra didáctica inspirada en campos visibles de DJBR públicas
REG-100037,2768831,FUNCIONARIO_038,2024,ACTUALIZACION,Ministerio de Educación y Ciencias,Docente,588256537.02,2370142.33,585886394.6899999,5735243.08,0.0,2794811.85,,Muestra didáctica inspirada en campos visibles de DJBR públicas
REG-100038,4496333,FUNCIONARIO_039,2019,ASUNCION AL CARGO,Ministerio de Salud Pública y Bienestar Social,Lic. en Enfermería,276746.33,59549.46,217196.87000000002,3432838.25,0.0,2575656.87,2011081.99,Muestra didáctica inspirada en campos visibles de DJBR públicas
REG-100039,4323532,FUNCIONARIO_040,2019,CESE,Poder Judicial,Juez/a de Paz,117467745.57,13180414.45,104287331.11999999,4147950.3,4147950.3,1632146.9,399276.48,Muestra didáctica inspirada en campos visibles de DJBR públicas
REG-100040,3615075,FUNCIONARIO_041,2022,ASUNCION AL CARGO,Gobernación de Central,Director/a,2832358.59,59234.85,2773123.7399999998,6009333.14,0.0,4448759.17,2256737.8,Muestra didáctica inspirada en campos visibles de DJBR públicas
REG-100041,3745401,FUNCIONARIO_042,2023,ASUNCION AL CARGO,Ministerio de Economía y Finanzas,Técnico/a,14540307.29,0.0,14540307.29,7588938.37,0.0,2693178.14,2335597.12,Muestra didáctica inspirada en campos visibles de DJBR públicas
REG-100042,1213920,FUNCIONARIO_043,2020,ACTUALIZACION,Ministerio de Educación y Ciencias,Técnico/a,12937097.04,3138833.54,9798263.5,5201886.69,0.0,2006072.59,,Muestra didáctica inspirada en campos visibles de DJBR públicas
REG-100043,3598260,FUNCIONARIO_044,2020,RENOVACION DE CONTRATO,Ministerio de Salud Pública y Bienestar Social,Chofer,8101376.15,2646272.27,5455103.880000001,5845102.42,5845102.42,3188226.65,,Muestra didáctica inspirada en campos visibles de DJBR públicas
REG-100044,2563299,FUNCIONARIO_045,2022,OTRO,ESSAP,Seguridad,25294274.09,6600934.74,18693339.35,2995095.31,0.0,1480576.93,429268.88,Muestra didáctica inspirada en campos visibles de DJBR públicas
REG-100045,2367763,FUNCIONARIO_046,2022,ACTUALIZACION,Ministerio de Obras Públicas y Comunicaciones,Ingeniero/a,5911088.96,523785.31,5387303.65,2431855.18,0.0,1174821.64,,Muestra didáctica inspirada en campos visibles de DJBR públicas
REG-100046,4314692,FUNCIONARIO_047,2019,OTRO,Ministerio de Economía y Finanzas,Director/a,35517709.35,0.0,35517709.35,5471230.92,5471230.92,3212612.61,,Muestra didáctica inspirada en campos visibles de DJBR públicas
REG-100047,4251298,FUNCIONARIO_048,2019,OTRO,Universidad Nacional de Asunción,Docente,6786961.79,2882011.34,3904950.45,5386638.88,5386638.88,2970936.35,,Muestra didáctica inspirada en campos visibles de DJBR públicas
REG-100048,4652692,FUNCIONARIO_049,2020,RENOVACION DE CONTRATO,Ministerio de Salud Pública y Bienestar Social,Lic. en Enfermería,4928653.61,2421716.85,2506936.7600000002,5836771.96,5836771.96,2991204.01,,Muestra didáctica inspirada en campos visibles de DJBR públicas
REG-100049,3898073,FUNCIONARIO_050,2024,ACTUALIZACION,Instituto de Previsión Social,Administrativo/a,5637398.45,1075230.21,4562168.24,3365118.14,0.0,1342109.28,,Muestra didáctica inspirada en campos visibles de DJBR públicas
REG-100050,3636694,FUNCIONARIO_051,2021,ASUNCION AL CARGO,Ministerio de Obras Públicas y Comunicaciones,Técnico/a,7647065.89,0.0,7647065.89,1200000.0,1200000.0,724417.24,376830.34,Muestra didáctica inspirada en campos visibles de DJBR públicas
REG-100051,1780722,FUNCIONARIO_052,2020,ACTUALIZACION,Poder Judicial,Auxiliar jurisdiccional,78599381.55,3983793.98,74615587.57,11807052.66,0.0,6123904.25,,Muestra didáctica inspirada en campos visibles de DJBR públicas
REG-100052,4463351,FUNCIONARIO_053,2018,OTRO,Universidad Nacional de Asunción,Docente,18444511.25,9011013.34,9433497.91,5085113.47,5085113.47,2101380.41,,Muestra didáctica inspirada en campos visibles de DJBR públicas
REG-100053,4807178,FUNCIONARIO_054,2021,OTRO,Ministerio de Salud Pública y Bienestar Social,Médico/a,14375813.07,197905.16,14177907.91,6209535.08,0.0,3401901.49,2307595.86,Muestra didáctica inspirada en campos visibles de DJBR públicas
REG-100054,2529297,FUNCIONARIO_055,2022,CESE,Poder Judicial,Actuario/a,7813495.94,1750488.93,6063007.010000001,11026475.09,0.0,4770982.41,799173.98,Muestra didáctica inspirada en campos visibles de DJBR públicas
REG-100055,2222869,FUNCIONARIO_056,2018,ASUNCION AL CARGO,Poder Judicial,Auxiliar jurisdiccional,11435319.65,388486.78,11046832.870000001,7716602.59,0.0,5353365.82,,Muestra didáctica inspirada en campos visibles de DJBR públicas
REG-100056,2720684,FUNCIONARIO_057,2023,ASUNCION AL CARGO,Ministerio de Educación y Ciencias,Administrativo/a,3226492.86,239558.63,2986934.23,5201192.62,5201192.62,2645497.5,1583212.31,Muestra didáctica inspirada en campos visibles de DJBR públicas
REG-100057,1431734,FUNCIONARIO_058,2021,ACTUALIZACION,Gobernación de Central,Técnico/a,5019766.3,1186503.9,3833262.4,7784429.18,0.0,3075579.25,,Muestra didáctica inspirada en campos visibles de DJBR públicas
REG-100058,2697900,FUNCIONARIO_059,2020,RENOVACION DE CONTRATO,Ministerio de Obras Públicas y Comunicaciones,Fiscal de obra,9533331.3,839501.05,8693830.25,5685999.39,0.0,3650491.2,2752274.92,Muestra didáctica inspirada en campos visibles de DJBR públicas
REG-100059,1912826,FUNCIONARIO_060,2023,CESE,Ministerio de Educación y Ciencias,Supervisor/a,3214727.97,496812.18,2717915.79,7226230.14,0.0,5324635.98,2775995.13,Muestra didáctica inspirada en campos visibles de DJBR públicas
REG-100060,2033255,FUNCIONARIO_061,2020,CESE,Gobernación de Central,Director/a,19314662.25,0.0,19314662.25,4258807.56,4258807.56,1637513.68,1441526.57,Muestra didáctica inspirada en campos visibles de DJBR públicas
REG-100061,3971820,FUNCIONARIO_062,2019,OTRO,Gobernación de Central,Técnico/a,27269455.24,4779421.22,22490034.02,7340974.01,0.0,4073846.94,,Muestra didáctica inspirada en campos visibles de DJBR públicas
REG-100062,1282762,FUNCIONARIO_063,2018,RENOVACION DE CONTRATO,Ministerio de Obras Públicas y Comunicaciones,Fiscal de obra,17693259.74,0.0,17693259.74,4886792.08,4886792.08,2316882.56,1806554.29,Muestra didáctica inspirada en campos visibles de DJBR públicas
REG-100063,1656702,FUNCIONARIO_064,2019,CESE,Ministerio de Educación y Ciencias,Docente,9665738.93,77325.41,9588413.52,3967195.55,0.0,2556325.0,390084.27,Muestra didáctica inspirada en campos visibles de DJBR públicas
REG-100064,2712503,FUNCIONARIO_065,2019,ASUNCION AL CARGO,ESSAP,Técnico/a,11898189.45,414380.87,11483808.58,5239088.6,5239088.6,4007701.45,620116.72,Muestra didáctica inspirada en campos visibles de DJBR públicas
REG-100065,3596249,FUNCIONARIO_066,2018,ACTUALIZACION,Ministerio de Economía y Finanzas,Administrativo/a,14897063.28,4013743.62,10883319.66,11277148.53,0.0,5089912.24,,Muestra didáctica inspirada en campos visibles de DJBR públicas
REG-100066,2450976,FUNCIONARIO_067,2023,ASUNCION AL CARGO,Municipalidad de Asunción,Chofer,22043561.0,9411229.99,12632331.01,6001239.27,6001239.27,3493356.53,1748218.44,Muestra didáctica inspirada en campos visibles de DJBR públicas
REG-100067,3577855,FUNCIONARIO_068,2024,ACTUALIZACION,Ministerio de Educación y Ciencias,Supervisor/a,4819445.79,0.0,4819445.79,4584466.59,4584466.59,2841977.14,1073673.31,Muestra didáctica inspirada en campos visibles de DJBR públicas
REG-100068,4131209,FUNCIONARIO_069,2018,OTRO,Instituto de Previsión Social,Auxiliar,6293214.1,0.0,6293214.1,7092628.61,7092628.61,3988979.72,,Muestra didáctica inspirada en campos visibles de DJBR públicas
REG-100069,3530034,FUNCIONARIO_070,2019,ACTUALIZACION,Ministerio de Salud Pública y Bienestar Social,Administrativo/a,4803885.85,0.0,4803885.85,7097811.51,7097811.51,4681827.99,2857800.35,Muestra didáctica inspirada en campos visibles de DJBR públicas
REG-100070,4090649,FUNCIONARIO_071,2021,RENOVACION DE CONTRATO,Ministerio de Educación y Ciencias,Docente,10062093.05,0.0,10062093.05,6206448.83,0.0,2940675.88,2409483.98,Muestra didáctica inspirada en campos visibles de DJBR públicas
REG-100071,1890695,FUNCIONARIO_072,2024,ACTUALIZACION,Ministerio de Obras Públicas y Comunicaciones,Fiscal de obra,140633424.17,24658765.29,115974658.88,6303291.81,6303291.81,4706508.74,,Muestra didáctica inspirada en campos visibles de DJBR públicas
REG-100072,3067801,FUNCIONARIO_073,2024,ACTUALIZACION,Ministerio de Obras Públicas y Comunicaciones,Técnico/a,19589821.34,2423798.15,17166023.19,8024350.69,8024350.69,3232277.76,1442363.55,Muestra didáctica inspirada en campos visibles de DJBR públicas
REG-100073,3761089,FUNCIONARIO_074,2020,RENOVACION DE CONTRATO,Ministerio de Educación y Ciencias,Administrativo/a,948250878.9,0.0,948250878.9,7185500.74,0.0,3745173.08,2483076.11,Muestra didáctica inspirada en campos visibles de DJBR públicas
REG-100074,4978400,FUNCIONARIO_075,2024,ASUNCION AL CARGO,ESSAP,Operador/a,339633.71,0.0,339633.71,2257560.03,0.0,950818.2,154944.33,Muestra didáctica inspirada en campos visibles de DJBR públicas
REG-100075,1264223,FUNCIONARIO_076,2023,ASUNCION AL CARGO,Municipalidad de Asunción,Chofer,1896483.55,110810.74,1785672.81,19969930.02,0.0,14701130.47,,Muestra didáctica inspirada en campos visibles de DJBR públicas
REG-100076,4943645,FUNCIONARIO_077,2021,RENOVACION DE CONTRATO,Instituto de Previsión Social,Enfermero/a,62071453.19,6469546.34,55601906.849999994,4879589.58,0.0,2829264.27,1535110.93,Muestra didáctica inspirada en campos visibles de DJBR públicas
REG-100077,4095900,FUNCIONARIO_078,2018,OTRO,Instituto de Previsión Social,Administrativo/a,2002254.53,918011.41,1084243.12,6367777.12,0.0,2656290.31,2825922.22,Muestra didáctica inspirada en campos visibles de DJBR públicas
REG-100078,1347739,FUNCIONARIO_079,2024,ASUNCION AL CARGO,Gobernación de Central,Director/a,37341250.2,109111.51,37232138.690000005,5475479.29,0.0,4005904.5,,Muestra didáctica inspirada en campos visibles de DJBR públicas
REG-100079,1768734,FUNCIONARIO_080,2019,RENOVACION DE CONTRATO,Municipalidad de Asunción,Fiscalizador/a,8450495.87,1073200.97,7377294.899999999,3932252.03,3932252.03,1722889.67,,Muestra didáctica inspirada en campos visibles de DJBR públicas
REG-100080,3008960,FUNCIONARIO_081,2022,ASUNCION AL CARGO,Ministerio de Salud Pública y Bienestar Social,Administrativo/a,4375432.13,545162.71,3830269.42,6184165.5,6184165.5,4036385.27,,Muestra didáctica inspirada en campos visibles de DJBR públicas
REG-100081,3489569,FUNCIONARIO_082,2018,ACTUALIZACION,Ministerio de Salud Pública y Bienestar Social,Lic. en Enfermería,4743230.87,1275619.14,3467611.7300000004,6218845.13,0.0,3652827.04,,Muestra didáctica inspirada en campos visibles de DJBR públicas
REG-100082,2732465,FUNCIONARIO_083,2023,ACTUALIZACION,Ministerio de Salud Pública y Bienestar Social,Chofer,5542625.71,1938068.34,3604557.37,2800215.15,0.0,1199349.14,,Muestra didáctica inspirada en campos visibles de DJBR públicas
REG-100083,4489866,FUNCIONARIO_084,2024,ACTUALIZACION,Ministerio de Obras Públicas y Comunicaciones,Administrativo/a,86299571.38,27813814.66,58485756.72,6432555.03,0.0,3004595.96,,Muestra didáctica inspirada en campos visibles de DJBR públicas
REG-100084,1051226,FUNCIONARIO_085,2023,ASUNCION AL CARGO,Ministerio de Salud Pública y Bienestar Social,Administrativo/a,9025814.66,5229065.38,3796749.2800000003,5216665.66,5216665.66,2064906.79,662569.73,Muestra didáctica inspirada en campos visibles de DJBR públicas
REG-100085,3632995,FUNCIONARIO_086,2024,RENOVACION DE CONTRATO,Municipalidad de Asunción,Chofer,60669438.99,0.0,60669438.99,6493901.42,0.0,4333734.04,620422.58,Muestra didáctica inspirada en campos visibles de DJBR públicas
REG-100086,2531191,FUNCIONARIO_087,2024,CESE,Ministerio de Educación y Ciencias,Docente,4791069.03,1685480.41,3105588.62,2695217.49,2695217.49,1099784.98,,Muestra didáctica inspirada en campos visibles de DJBR públicas
REG-100087,2606872,FUNCIONARIO_088,2021,ACTUALIZACION,Instituto de Previsión Social,Auxiliar,11933732.35,94885.32,11838847.03,6817305.87,0.0,2606319.07,3071222.31,Muestra didáctica inspirada en campos visibles de DJBR públicas
REG-100088,1699983,FUNCIONARIO_089,2020,ACTUALIZACION,Ministerio de Educación y Ciencias,Técnico/a,12932489.86,5052292.05,7880197.81,4087033.56,4087033.56,2346608.27,399253.59,Muestra didáctica inspirada en campos visibles de DJBR públicas
REG-100089,2560473,FUNCIONARIO_090,2022,ACTUALIZACION,Ministerio de Educación y Ciencias,Supervisor/a,8775443.6,0.0,8775443.6,3500909.69,0.0,1558325.13,,Muestra didáctica inspirada en campos visibles de DJBR públicas
REG-100090,4711802,FUNCIONARIO_091,2023,ACTUALIZACION,Gobernación de Central,Administrativo/a,12715639.44,0.0,12715639.44,9081931.31,9081931.31,3930819.55,,Muestra didáctica inspirada en campos visibles de DJBR públicas
REG-100091,2931451,FUNCIONARIO_092,2020,ACTUALIZACION,Gobernación de Central,Técnico/a,10573386.31,0.0,10573386.31,12107715.84,0.0,5435199.65,,Muestra didáctica inspirada en campos visibles de DJBR públicas
REG-100092,3366860,FUNCIONARIO_093,2020,ASUNCION AL CARGO,Ministerio de Educación y Ciencias,Supervisor/a,16620659.41,8853587.39,7767072.02,5242544.48,0.0,3326455.94,,Muestra didáctica inspirada en campos visibles de DJBR públicas
REG-100093,3421212,FUNCIONARIO_094,2023,ASUNCION AL CARGO,Instituto de Previsión Social,Enfermero/a,15480283.8,4006699.6,11473584.200000001,3074114.65,3074114.65,1539535.31,1450839.35,Muestra didáctica inspirada en campos visibles de DJBR públicas
REG-100094,2789616,FUNCIONARIO_095,2022,ASUNCION AL CARGO,Instituto de Previsión Social,Administrativo/a,6344097.78,1107609.73,5236488.050000001,6232005.62,0.0,4143516.44,,Muestra didáctica inspirada en campos visibles de DJBR públicas
REG-100095,3063499,FUNCIONARIO_096,2020,ASUNCION AL CARGO,Instituto de Previsión Social,Auxiliar,357994739.73,0.0,357994739.73,2755446.89,2755446.89,1471250.06,720217.76,Muestra didáctica inspirada en campos visibles de DJBR públicas
REG-100096,4915612,FUNCIONARIO_097,2023,ASUNCION AL CARGO,Ministerio de Educación y Ciencias,Docente,10536425.44,1881797.0,8654628.44,3297070.06,0.0,1723310.94,,Muestra didáctica inspirada en campos visibles de DJBR públicas
REG-100097,2514542,FUNCIONARIO_098,2021,CESE,Municipalidad de Asunción,Director/a,60704340.78,0.0,60704340.78,8624127.3,8624127.3,4316840.22,705569.8,Muestra didáctica inspirada en campos visibles de DJBR públicas
REG-100098,4724044,FUNCIONARIO_099,2021,ASUNCION AL CARGO,Ministerio de Obras Públicas y Comunicaciones,Administrativo/a,2231665.53,311474.33,1920191.1999999997,6162196.04,6162196.04,4534744.93,1878603.46,Muestra didáctica inspirada en campos visibles de DJBR públicas
REG-100099,4433803,FUNCIONARIO_100,2019,CESE,Ministerio de Salud Pública y Bienestar Social,Lic. en Enfermería,1757157.46,528721.9,1228435.56,5812501.45,0.0,4255690.8,3345724.22,Muestra didáctica inspirada en campos visibles de DJBR públicas
REG-100100,1892964,FUNCIONARIO_101,2021,OTRO,ESSAP,Administrativo/a,4559301.48,0.0,4559301.48,3922694.78,3922694.78,1455229.31,1345215.16,Muestra didáctica inspirada en campos visibles de DJBR públicas
REG-100101,3366610,FUNCIONARIO_102,2018,ASUNCION AL CARGO,Municipalidad de Asunción,Director/a,4154033.77,442241.1,3711792.67,7764465.08,0.0,5651062.27,,Muestra didáctica inspirada en campos visibles de DJBR públicas
REG-100102,4199675,FUNCIONARIO_103,2019,RENOVACION DE CONTRATO,Ministerio de Salud Pública y Bienestar Social,Técnico/a,5480238.7,2086690.39,3393548.3100000005,7108007.75,0.0,4624228.29,,Muestra didáctica inspirada en campos visibles de DJBR públicas
REG-100103,4075117,FUNCIONARIO_104,2019,ASUNCION AL CARGO,Instituto de Previsión Social,Administrativo/a,5499648.04,1791735.91,3707912.13,3522755.18,0.0,1242637.53,732278.55,Muestra didáctica inspirada en campos visibles de DJBR públicas
REG-100104,3360731,FUNCIONARIO_105,2024,ASUNCION AL CARGO,Universidad Nacional de Asunción,Docente,17283620.67,0.0,17283620.67,6262231.5,0.0,4454026.22,,Muestra didáctica inspirada en campos visibles de DJBR públicas
REG-100105,1772800,FUNCIONARIO_106,2023,ASUNCION AL CARGO,Ministerio de Educación y Ciencias,Técnico/a,11019384.83,2553060.45,8466324.379999999,4423111.76,4423111.76,1676185.79,1637408.34,Muestra didáctica inspirada en campos visibles de DJBR públicas
REG-100106,1227286,FUNCIONARIO_107,2024,RENOVACION DE CONTRATO,Municipalidad de Asunción,Fiscalizador/a,6674928.96,5378042.8,1296886.1600000001,7243492.47,0.0,5085495.45,1368149.5,Muestra didáctica inspirada en campos visibles de DJBR públicas
REG-100107,4486669,FUNCIONARIO_108,2021,RENOVACION DE CONTRATO,Ministerio de Educación y Ciencias,Técnico/a,1095012.65,335177.59,759835.0599999998,5826295.61,5826295.61,2592299.15,555301.76,Muestra didáctica inspirada en campos visibles de DJBR públicas
REG-100108,2840634,FUNCIONARIO_109,2019,OTRO,Ministerio de Salud Pública y Bienestar Social,Administrativo/a,4928981.43,621488.53,4307492.899999999,2113838.83,2113838.83,1141871.36,,Muestra didáctica inspirada en campos visibles de DJBR públicas
REG-100109,1986420,FUNCIONARIO_110,2024,ASUNCION AL CARGO,Municipalidad de Asunción,Chofer,29452982.8,9611072.3,19841910.5,6942819.95,6942819.95,2983857.19,3664022.84,Muestra didáctica inspirada en campos visibles de DJBR públicas
REG-100110,4698557,FUNCIONARIO_111,2021,ASUNCION AL CARGO,Municipalidad de Asunción,Administrativo/a,10239483.24,0.0,10239483.24,9127651.58,0.0,3199512.87,3460110.12,Muestra didáctica inspirada en campos visibles de DJBR públicas
REG-100111,4772487,FUNCIONARIO_112,2023,RENOVACION DE CONTRATO,Instituto de Previsión Social,Auxiliar,3304912.09,2167883.08,1137029.0099999998,4454846.95,4454846.95,2153720.89,1338107.2,Muestra didáctica inspirada en campos visibles de DJBR públicas
REG-100112,2088075,FUNCIONARIO_113,2020,CESE,Ministerio de Educación y Ciencias,Docente,42716365.05,3698570.8,39017794.25,4183196.1,4183196.1,2811691.35,544891.16,Muestra didáctica inspirada en campos visibles de DJBR públicas
REG-100113,2947763,FUNCIONARIO_114,2022,RENOVACION DE CONTRATO,Gobernación de Central,Administrativo/a,121500885.96,28268551.34,93232334.61999999,8454485.79,0.0,4233749.3,577117.66,Muestra didáctica inspirada en campos visibles de DJBR públicas
REG-100114,3746590,FUNCIONARIO_115,2024,OTRO,Municipalidad de Asunción,Chofer,22579056.0,0.0,22579056.0,13290151.72,13290151.72,8050561.96,5171630.23,Muestra didáctica inspirada en campos visibles de DJBR públicas
REG-100115,4081091,FUNCIONARIO_116,2023,ACTUALIZACION,Ministerio de Salud Pública y Bienestar Social,Chofer,48980470.91,9696190.29,39284280.62,5077991.01,0.0,3731161.35,,Muestra didáctica inspirada en campos visibles de DJBR públicas
REG-100116,4832978,FUNCIONARIO_117,2019,CESE,Poder Judicial,Secretario/a,77262653.6,12366628.01,64896025.589999996,11778481.04,0.0,7241045.83,,Muestra didáctica inspirada en campos visibles de DJBR públicas
REG-100117,2390281,FUNCIONARIO_118,2020,OTRO,Universidad Nacional de Asunción,Médico/a,15181234.08,0.0,15181234.08,4791145.02,4791145.02,3685162.18,1953249.82,Muestra didáctica inspirada en campos visibles de DJBR públicas
REG-100118,4958123,FUNCIONARIO_119,2019,OTRO,Ministerio de Educación y Ciencias,Docente,1525101.99,164401.6,1360700.39,4086364.41,0.0,2917196.2,1617467.42,Muestra didáctica inspirada en campos visibles de DJBR públicas
REG-100119,4532549,FUNCIONARIO_120,2024,ASUNCION AL CARGO,Instituto de Previsión Social,Auxiliar,6688562.34,1622661.61,5065900.7299999995,4235654.8,4235654.8,2571131.98,,Muestra didáctica inspirada en campos visibles de DJBR públicas
REG-100120,4026217,FUNCIONARIO_121,2020,CESE,Instituto de Previsión Social,Enfermero/a,2674042.63,51323.88,2622718.75,5354021.53,0.0,3259516.61,,Muestra didáctica inspirada en campos visibles de DJBR públicas
REG-100121,2960826,FUNCIONARIO_122,2020,OTRO,Ministerio de Educación y Ciencias,Supervisor/a,8294225.89,1062947.63,7231278.26,4050869.68,0.0,2450650.04,566871.13,Muestra didáctica inspirada en campos visibles de DJBR públicas
REG-100122,4853321,FUNCIONARIO_123,2019,ASUNCION AL CARGO,Universidad Nacional de Asunción,Administrativo/a,3755698.29,72775.61,3682922.68,4929253.93,0.0,2222649.08,,Muestra didáctica inspirada en campos visibles de DJBR públicas
REG-100123,1317348,FUNCIONARIO_124,2024,RENOVACION DE CONTRATO,ESSAP,Técnico/a,676779.72,338332.21,338447.50999999995,3894982.7,0.0,1643979.74,273308.15,Muestra didáctica inspirada en campos visibles de DJBR públicas
REG-100124,3843940,FUNCIONARIO_125,2018,ASUNCION AL CARGO,Ministerio de Educación y Ciencias,Administrativo/a,9930145.84,617427.01,9312718.83,3696536.57,0.0,2862146.87,434838.18,Muestra didáctica inspirada en campos visibles de DJBR públicas
REG-100125,3748385,FUNCIONARIO_126,2021,OTRO,Ministerio de Salud Pública y Bienestar Social,Médico/a,2841939.32,0.0,2841939.32,5298389.4,5298389.4,4053273.4,279315.14,Muestra didáctica inspirada en campos visibles de DJBR públicas
REG-100126,2170439,FUNCIONARIO_127,2020,CESE,Ministerio de Educación y Ciencias,Administrativo/a,9926307.46,0.0,9926307.46,2383709.76,0.0,1797609.19,1080045.55,Muestra didáctica inspirada en campos visibles de DJBR públicas
REG-100127,3833552,FUNCIONARIO_128,2023,ASUNCION AL CARGO,Universidad Nacional de Asunción,Docente,61023310.54,10016730.46,51006580.08,4539395.8,4539395.8,2559243.94,,Muestra didáctica inspirada en campos visibles de DJBR públicas
REG-100128,4617860,FUNCIONARIO_129,2023,ACTUALIZACION,Instituto de Previsión Social,Auxiliar,7679633.28,986300.21,6693333.07,5046988.4,5046988.4,3560855.83,,Muestra didáctica inspirada en campos visibles de DJBR públicas
REG-100129,3575518,FUNCIONARIO_130,2023,OTRO,ESSAP,Seguridad,14128752.9,6191552.35,7937200.550000001,1926946.8,1926946.8,749403.35,,Muestra didáctica inspirada en campos visibles de DJBR públicas
REG-100130,1394583,FUNCIONARIO_131,2018,ACTUALIZACION,Instituto de Previsión Social,Administrativo/a,9275280.09,273900.94,9001379.15,5558557.62,5558557.62,2986617.59,2778216.12,Muestra didáctica inspirada en campos visibles de DJBR públicas
REG-100131,4285727,FUNCIONARIO_132,2018,ACTUALIZACION,Ministerio de Salud Pública y Bienestar Social,Chofer,2105678.42,1391800.05,713878.3699999999,7008573.14,0.0,4250620.8,,Muestra didáctica inspirada en campos visibles de DJBR públicas
REG-100132,3263855,FUNCIONARIO_133,2021,OTRO,Ministerio de Salud Pública y Bienestar Social,Técnico/a,4386218.99,1458231.96,2927987.0300000003,3508556.2,0.0,2530488.16,,Muestra didáctica inspirada en campos visibles de DJBR públicas
REG-100133,1850538,FUNCIONARIO_134,2023,ACTUALIZACION,Ministerio de Economía y Finanzas,Administrativo/a,5523312.52,2263226.55,3260085.9699999997,9738357.71,9738357.71,5591089.9,4891736.59,Muestra didáctica inspirada en campos visibles de DJBR públicas
REG-100134,2252078,FUNCIONARIO_135,2021,ACTUALIZACION,Gobernación de Central,Director/a,16280690.97,2306246.67,13974444.3,6504736.05,0.0,3136158.87,,Muestra didáctica inspirada en campos visibles de DJBR públicas
REG-100135,1175211,FUNCIONARIO_136,2020,RENOVACION DE CONTRATO,Poder Judicial,Auxiliar jurisdiccional,53230195.16,17052822.19,36177372.97,16876173.36,0.0,6800857.23,,Muestra didáctica inspirada en campos visibles de DJBR públicas
REG-100136,2811840,FUNCIONARIO_137,2024,ACTUALIZACION,Ministerio de Salud Pública y Bienestar Social,Técnico/a,2107318.0,210630.34,1896687.66,5662278.28,0.0,3944211.66,,Muestra didáctica inspirada en campos visibles de DJBR públicas
REG-100137,3652841,FUNCIONARIO_138,2020,ASUNCION AL CARGO,Ministerio de Obras Públicas y Comunicaciones,Técnico/a,1026004.77,112304.05,913700.72,6801366.25,0.0,3435588.98,,Muestra didáctica inspirada en campos visibles de DJBR públicas
REG-100138,4489443,FUNCIONARIO_139,2023,ASUNCION AL CARGO,Municipalidad de Asunción,Director/a,25438979.84,11689064.59,13749915.25,5998911.73,5998911.73,2346055.51,,Muestra didáctica inspirada en campos visibles de DJBR públicas
REG-100139,1564678,FUNCIONARIO_140,2021,OTRO,Instituto de Previsión Social,Técnico/a,2104962.89,393392.97,1711569.9200000002,4470988.48,0.0,2165196.3,789734.8,Muestra didáctica inspirada en campos visibles de DJBR públicas
REG-100140,2995451,FUNCIONARIO_141,2019,ACTUALIZACION,ESSAP,Administrativo/a,7188620.69,3131596.15,4057024.5400000005,2278618.28,2278618.28,1475969.4,1356212.63,Muestra didáctica inspirada en campos visibles de DJBR públicas
REG-100141,4200352,FUNCIONARIO_142,2020,ACTUALIZACION,Ministerio de Obras Públicas y Comunicaciones,Administrativo/a,14769225.81,6234798.87,8534426.940000001,4702529.24,0.0,2457122.33,,Muestra didáctica inspirada en campos visibles de DJBR públicas
REG-100142,3090545,FUNCIONARIO_143,2021,CESE,Ministerio de Obras Públicas y Comunicaciones,Fiscal de obra,5224230.68,0.0,5224230.68,6422639.42,0.0,4678468.97,,Muestra didáctica inspirada en campos visibles de DJBR públicas
REG-100143,4127748,FUNCIONARIO_144,2024,ASUNCION AL CARGO,Universidad Nacional de Asunción,Docente,3010003.15,1701542.96,1308460.19,5551526.51,0.0,2154935.93,,Muestra didáctica inspirada en campos visibles de DJBR públicas
REG-100144,3268115,FUNCIONARIO_145,2023,RENOVACION DE CONTRATO,Ministerio de Educación y Ciencias,Técnico/a,2389504.15,1077880.5,1311623.65,4833577.05,0.0,3073729.85,,Muestra didáctica inspirada en campos visibles de DJBR públicas
REG-100145,1010699,FUNCIONARIO_146,2019,ACTUALIZACION,Ministerio de Salud Pública y Bienestar Social,Chofer,4855656.44,319685.5,4535970.94,1903218.0,1903218.0,1373771.42,732106.16,Muestra didáctica inspirada en campos visibles de DJBR públicas
REG-100146,4923350,FUNCIONARIO_147,2018,RENOVACION DE CONTRATO,Instituto de Previsión Social,Auxiliar,16920137.72,3275817.78,13644319.94,5751698.06,0.0,2994920.99,,Muestra didáctica inspirada en campos visibles de DJBR públicas
REG-100147,2093609,FUNCIONARIO_148,2018,OTRO,Ministerio de Salud Pública y Bienestar Social,Lic. en Enfermería,4706450.05,1472328.57,3234121.4799999995,6191476.88,0.0,3838830.35,2605788.88,Muestra didáctica inspirada en campos visibles de DJBR públicas
REG-100148,1104211,FUNCIONARIO_149,2020,RENOVACION DE CONTRATO,Poder Judicial,Actuario/a,27589356.93,0.0,27589356.93,10748698.48,10748698.48,5361696.76,,Muestra didáctica inspirada en campos visibles de DJBR públicas
REG-100149,1023429,FUNCIONARIO_150,2023,ASUNCION AL CARGO,Ministerio de Economía y Finanzas,Técnico/a,20299523.06,160266.86,20139256.2,26095964.14,26095964.14,12696691.84,14980091.77,Muestra didáctica inspirada en campos visibles de DJBR públicas
REG-100150,1864645,FUNCIONARIO_151,2021,RENOVACION DE CONTRATO,Ministerio de Salud Pública y Bienestar Social,Chofer,2965745.03,903776.4,2061968.63,4927562.13,0.0,1948534.54,,Muestra didáctica inspirada en campos visibles de DJBR públicas
REG-100151,3790358,FUNCIONARIO_152,2023,CESE,Ministerio de Economía y Finanzas,Administrativo/a,63231848.12,48099909.76,15131938.36,5093888.58,5093888.58,3139791.59,1087775.85,Muestra didáctica inspirada en campos visibles de DJBR públicas
REG-100152,3120464,FUNCIONARIO_153,2019,RENOVACION DE CONTRATO,Ministerio de Salud Pública y Bienestar Social,Lic. en Enfermería,5304260.61,0.0,5304260.61,4631980.5,0.0,3606365.74,,Muestra didáctica inspirada en campos visibles de DJBR públicas
REG-100153,4095010,FUNCIONARIO_154,2024,ASUNCION AL CARGO,Universidad Nacional de Asunción,Médico/a,4461801.76,2043223.6,2418578.1599999997,4371559.41,0.0,2759558.21,,Muestra didáctica inspirada en campos visibles de DJBR públicas
REG-100154,3251401,FUNCIONARIO_155,2019,ASUNCION AL CARGO,Ministerio de Obras Públicas y Comunicaciones,Técnico/a,1649718.48,392822.07,1256896.41,4034210.12,0.0,1445266.58,778188.1,Muestra didáctica inspirada en campos visibles de DJBR públicas
REG-100155,1971248,FUNCIONARIO_156,2022,ASUNCION AL CARGO,Universidad Nacional de Asunción,Docente,16064691.94,0.0,16064691.94,3970077.41,0.0,1462307.66,1009490.29,Muestra didáctica inspirada en campos visibles de DJBR públicas
REG-100156,4594260,FUNCIONARIO_157,2024,RENOVACION DE CONTRATO,Poder Judicial,Juez/a de Paz,157007078.48,7848111.63,149158966.85,4511557.58,0.0,2344317.2,1365629.18,Muestra didáctica inspirada en campos visibles de DJBR públicas
REG-100157,4889877,FUNCIONARIO_158,2021,ACTUALIZACION,ESSAP,Técnico/a,2648692.52,569587.45,2079105.07,4326423.91,4326423.91,2435968.78,1135651.24,Muestra didáctica inspirada en campos visibles de DJBR públicas
REG-100158,4468792,FUNCIONARIO_159,2018,ACTUALIZACION,Universidad Nacional de Asunción,Docente,42894163.77,13250698.95,29643464.820000004,7504681.59,7504681.59,2761117.55,,Muestra didáctica inspirada en campos visibles de DJBR públicas
REG-100159,1201139,FUNCIONARIO_160,2021,RENOVACION DE CONTRATO,Ministerio de Salud Pública y Bienestar Social,Técnico/a,27308385.1,5049797.17,22258587.93,6721306.83,0.0,5218308.46,,Muestra didáctica inspirada en campos visibles de DJBR públicas
REG-100160,1371931,FUNCIONARIO_161,2018,RENOVACION DE CONTRATO,Ministerio de Salud Pública y Bienestar Social,Chofer,25463763.03,4388761.13,21075001.900000002,6547608.68,0.0,2350632.99,623295.79,Muestra didáctica inspirada en campos visibles de DJBR públicas
REG-100161,4020634,FUNCIONARIO_162,2020,ACTUALIZACION,Ministerio de Educación y Ciencias,Administrativo/a,7671356.46,1032079.66,6639276.8,4404645.82,4404645.82,2151901.46,523617.53,Muestra didáctica inspirada en campos visibles de DJBR públicas
REG-100162,1415384,FUNCIONARIO_163,2023,ACTUALIZACION,Ministerio de Salud Pública y Bienestar Social,Lic. en Enfermería,10464973.47,0.0,10464973.47,5587800.21,0.0,4185686.84,969698.95,Muestra didáctica inspirada en campos visibles de DJBR públicas
REG-100163,1978836,FUNCIONARIO_164,2019,ACTUALIZACION,Poder Judicial,Auxiliar jurisdiccional,2377903.46,163088.61,2214814.85,12408571.88,0.0,4410842.82,,Muestra didáctica inspirada en campos visibles de DJBR públicas
REG-100164,4815659,FUNCIONARIO_165,2020,ASUNCION AL CARGO,Gobernación de Central,Director/a,6139957.59,1001185.38,5138772.21,8686528.04,8686528.04,5940476.79,,Muestra didáctica inspirada en campos visibles de DJBR públicas
REG-100165,2228337,FUNCIONARIO_166,2018,ASUNCION AL CARGO,Ministerio de Salud Pública y Bienestar Social,Chofer,5556532.59,0.0,5556532.59,5273621.88,5273621.88,2054099.36,,Muestra didáctica inspirada en campos visibles de DJBR públicas
REG-100166,2185574,FUNCIONARIO_167,2023,CESE,Municipalidad de Asunción,Director/a,2699240.68,630533.48,2068707.2000000002,6555471.51,0.0,3887128.82,2811555.96,Muestra didáctica inspirada en campos visibles de DJBR públicas
REG-100167,4909439,FUNCIONARIO_168,2022,ASUNCION AL CARGO,Universidad Nacional de Asunción,Administrativo/a,11048020.42,613488.34,10434532.08,7043006.49,7043006.49,3306676.77,1103460.42,Muestra didáctica inspirada en campos visibles de DJBR públicas
REG-100168,2067609,FUNCIONARIO_169,2018,ASUNCION AL CARGO,Instituto de Previsión Social,Administrativo/a,11709267.02,5551518.48,6157748.539999999,4019776.48,4019776.48,2364904.45,212550.86,Muestra didáctica inspirada en campos visibles de DJBR públicas
REG-100169,3621038,FUNCIONARIO_170,2024,RENOVACION DE CONTRATO,Ministerio de Obras Públicas y Comunicaciones,Ingeniero/a,13762097.87,3348947.87,10413150.0,6524986.02,0.0,2633660.82,,Muestra didáctica inspirada en campos visibles de DJBR públicas
REG-100170,2082424,FUNCIONARIO_171,2023,ACTUALIZACION,Municipalidad de Asunción,Fiscalizador/a,8046767.55,1412763.4,6634004.15,9643074.21,0.0,5944216.74,2367578.72,Muestra didáctica inspirada en campos visibles de DJBR públicas
REG-100171,2157655,FUNCIONARIO_172,2019,RENOVACION DE CONTRATO,Poder Judicial,Juez/a de Paz,3797917.08,0.0,3797917.08,5955239.16,5955239.16,2219551.6,,Muestra didáctica inspirada en campos visibles de DJBR públicas
REG-100172,3272158,FUNCIONARIO_173,2022,ACTUALIZACION,Ministerio de Salud Pública y Bienestar Social,Administrativo/a,14468422.14,0.0,14468422.14,7077056.29,0.0,4865516.54,3108416.61,Muestra didáctica inspirada en campos visibles de DJBR públicas
REG-100173,2291210,FUNCIONARIO_174,2022,RENOVACION DE CONTRATO,ESSAP,Seguridad,20313903.52,1860282.18,18453621.34,4091350.6,0.0,2841802.1,,Muestra didáctica inspirada en campos visibles de DJBR públicas
REG-100174,1504409,FUNCIONARIO_175,2020,ACTUALIZACION,Gobernación de Central,Director/a,31644063.27,14534804.67,17109258.6,5222032.36,5222032.36,3505573.42,2386429.69,Muestra didáctica inspirada en campos visibles de DJBR públicas
REG-100175,2071860,FUNCIONARIO_176,2018,ACTUALIZACION,ESSAP,Administrativo/a,7794297.97,509106.64,7285191.33,2596250.02,0.0,1487064.17,556373.95,Muestra didáctica inspirada en campos visibles de DJBR públicas
REG-100176,1830051,FUNCIONARIO_177,2021,OTRO,Ministerio de Salud Pública y Bienestar Social,Lic. en Enfermería,2178289.17,45158.54,2133130.63,4601544.97,4601544.97,3154320.5,,Muestra didáctica inspirada en campos visibles de DJBR públicas
REG-100177,4801250,FUNCIONARIO_178,2020,ASUNCION AL CARGO,ESSAP,Operador/a,123292183.11,783861.79,122508321.32,5599395.26,0.0,2097161.27,1149012.1,Muestra didáctica inspirada en campos visibles de DJBR públicas
REG-100178,3400081,FUNCIONARIO_179,2019,ASUNCION AL CARGO,Ministerio de Educación y Ciencias,Docente,14557257.48,2698494.59,11858762.89,3525637.12,0.0,2527277.3,266451.16,Muestra didáctica inspirada en campos visibles de DJBR públicas
REG-100179,2684351,FUNCIONARIO_180,2021,RENOVACION DE CONTRATO,Poder Judicial,Secretario/a,1770907.3,624883.02,1146024.28,4577747.54,0.0,2426577.58,,Muestra didáctica inspirada en campos visibles de DJBR públicas
REG-100180,3365600,FUNCIONARIO_181,2021,RENOVACION DE CONTRATO,Instituto de Previsión Social,Técnico/a,5855145.4,2311109.58,3544035.8200000003,4917372.94,4917372.94,3766526.5,740844.0,Muestra didáctica inspirada en campos visibles de DJBR públicas
REG-100181,4452501,FUNCIONARIO_182,2024,ASUNCION AL CARGO,Ministerio de Salud Pública y Bienestar Social,Administrativo/a,4653439.18,0.0,4653439.18,4842794.04,4842794.04,3200167.46,422376.87,Muestra didáctica inspirada en campos visibles de DJBR públicas
REG-100182,1864690,FUNCIONARIO_183,2019,ASUNCION AL CARGO,ESSAP,Técnico/a,14084426.91,5316772.41,8767654.5,6434586.98,0.0,2522048.46,3372320.7,Muestra didáctica inspirada en campos visibles de DJBR públicas
REG-100183,4471750,FUNCIONARIO_184,2020,ASUNCION AL CARGO,Ministerio de Economía y Finanzas,Técnico/a,140874190.71,0.0,140874190.71,11146950.33,11146950.33,4866607.21,,Muestra didáctica inspirada en campos visibles de DJBR públicas
REG-100184,3628263,FUNCIONARIO_185,2022,OTRO,Ministerio de Salud Pública y Bienestar Social,Técnico/a,23226701.43,6397453.76,16829247.67,5697815.68,0.0,2620209.7,3251463.5,Muestra didáctica inspirada en campos visibles de DJBR públicas
REG-100185,3617650,FUNCIONARIO_186,2022,ACTUALIZACION,Ministerio de Educación y Ciencias,Técnico/a,5550690.15,288752.25,5261937.9,5238537.1,0.0,3580608.71,,Muestra didáctica inspirada en campos visibles de DJBR públicas
REG-100186,3831569,FUNCIONARIO_187,2023,CESE,Ministerio de Economía y Finanzas,Analista,10783768.46,2602741.48,8181026.98,8097419.39,8097419.39,3515993.02,4399545.46,Muestra didáctica inspirada en campos visibles de DJBR públicas
REG-100187,3710527,FUNCIONARIO_188,2018,ASUNCION AL CARGO,Poder Judicial,Juez/a de Paz,8579499.84,587249.64,7992250.2,11357251.89,11357251.89,4662219.56,1829751.15,Muestra didáctica inspirada en campos visibles de DJBR públicas
REG-100188,2421174,FUNCIONARIO_189,2022,ASUNCION AL CARGO,Municipalidad de Asunción,Administrativo/a,5421356.83,433345.8,4988011.03,8968062.23,0.0,5991419.27,,Muestra didáctica inspirada en campos visibles de DJBR públicas
REG-100189,3592536,FUNCIONARIO_190,2021,CESE,Instituto de Previsión Social,Técnico/a,10218236.06,0.0,10218236.06,4692961.97,0.0,2772108.91,1595934.6,Muestra didáctica inspirada en campos visibles de DJBR públicas
REG-100190,4888577,FUNCIONARIO_191,2018,ACTUALIZACION,Universidad Nacional de Asunción,Administrativo/a,15735440.79,4376745.2,11358695.59,4726761.37,0.0,3198223.34,2805030.65,Muestra didáctica inspirada en campos visibles de DJBR públicas
REG-100191,3646996,FUNCIONARIO_192,2022,ACTUALIZACION,Ministerio de Educación y Ciencias,Técnico/a,22147605.49,0.0,22147605.49,4005490.75,4005490.75,2824554.44,421980.91,Muestra didáctica inspirada en campos visibles de DJBR públicas
REG-100192,3531086,FUNCIONARIO_193,2018,ASUNCION AL CARGO,Gobernación de Central,Técnico/a,9290519.69,637428.64,8653091.049999999,8679900.31,8679900.31,6046976.06,,Muestra didáctica inspirada en campos visibles de DJBR públicas
REG-100193,1754105,FUNCIONARIO_194,2020,ACTUALIZACION,Poder Judicial,Actuario/a,26924641.8,0.0,26924641.8,8630534.6,0.0,4283881.84,,Muestra didáctica inspirada en campos visibles de DJBR públicas
REG-100194,3238673,FUNCIONARIO_195,2020,OTRO,Ministerio de Economía y Finanzas,Técnico/a,20413954.83,12681230.84,7732723.989999998,4349933.27,4349933.27,2766311.82,,Muestra didáctica inspirada en campos visibles de DJBR públicas
REG-100195,3381306,FUNCIONARIO_196,2023,CESE,Ministerio de Educación y Ciencias,Docente,8481923.19,0.0,8481923.19,5210486.5,0.0,3621352.52,,Muestra didáctica inspirada en campos visibles de DJBR públicas
REG-100196,4849542,FUNCIONARIO_197,2021,OTRO,Gobernación de Central,Administrativo/a,215431886.49,2577715.85,212854170.64000002,5950756.76,5950756.76,4012021.74,2931930.28,Muestra didáctica inspirada en campos visibles de DJBR públicas
REG-100197,1966920,FUNCIONARIO_198,2021,ACTUALIZACION,Universidad Nacional de Asunción,Docente,70391801.33,0.0,70391801.33,7044948.33,0.0,2672759.01,1372522.77,Muestra didáctica inspirada en campos visibles de DJBR públicas
REG-100198,4012359,FUNCIONARIO_199,2022,ACTUALIZACION,Ministerio de Educación y Ciencias,Supervisor/a,4430797.93,2801194.89,1629603.0399999996,4177162.54,0.0,3083768.73,,Muestra didáctica inspirada en campos visibles de DJBR públicas
REG-100199,1460244,FUNCIONARIO_200,2019,ASUNCION AL CARGO,Municipalidad de Asunción,Chofer,26556912.4,3752634.22,22804278.18,5850073.69,0.0,4032684.9,,Muestra didáctica inspirada en campos visibles de DJBR públicas
REG-100200,1312023,FUNCIONARIO_201,2020,ACTUALIZACION,Ministerio de Salud Pública y Bienestar Social,Técnico/a,8293772.51,1469659.66,6824112.85,4369966.52,4369966.52,3087789.17,,Muestra didáctica inspirada en campos visibles de DJBR públicas
REG-100201,4076600,FUNCIONARIO_202,2019,CESE,Instituto de Previsión Social,Técnico/a,8271787.71,0.0,8271787.71,4103925.4,0.0,3109489.19,1210187.53,Muestra didáctica inspirada en campos visibles de DJBR públicas
REG-100202,2846198,FUNCIONARIO_203,2022,ACTUALIZACION,Gobernación de Central,Técnico/a,24065168.78,1686791.38,22378377.400000002,5011739.0,5011739.0,3048540.39,,Muestra didáctica inspirada en campos visibles de DJBR públicas
REG-100203,1073869,FUNCIONARIO_204,2019,RENOVACION DE CONTRATO,Poder Judicial,Auxiliar jurisdiccional,16122794.39,5536253.45,10586540.940000001,12539201.55,0.0,7745257.51,,Muestra didáctica inspirada en campos visibles de DJBR públicas
REG-100204,4555668,FUNCIONARIO_205,2018,ASUNCION AL CARGO,Ministerio de Educación y Ciencias,Supervisor/a,12830375.34,0.0,12830375.34,2430448.84,0.0,963554.05,,Muestra didáctica inspirada en campos visibles de DJBR públicas
REG-100205,3408630,FUNCIONARIO_206,2022,ASUNCION AL CARGO,Instituto de Previsión Social,Enfermero/a,4735317.83,652779.17,4082538.66,2850243.18,2850243.18,1649115.85,1521814.59,Muestra didáctica inspirada en campos visibles de DJBR públicas
REG-100206,4345647,FUNCIONARIO_207,2018,ASUNCION AL CARGO,Ministerio de Economía y Finanzas,Director/a,52800363.26,10723566.08,42076797.18,9450635.7,9450635.7,6209389.33,3632331.68,Muestra didáctica inspirada en campos visibles de DJBR públicas
REG-100207,3384291,FUNCIONARIO_208,2018,ASUNCION AL CARGO,Ministerio de Salud Pública y Bienestar Social,Administrativo/a,3005627.29,920408.97,2085218.32,7120003.62,7120003.62,4942369.01,,Muestra didáctica inspirada en campos visibles de DJBR públicas
REG-100208,3542017,FUNCIONARIO_209,2021,ASUNCION AL CARGO,Ministerio de Economía y Finanzas,Analista,13243284.7,7601697.04,5641587.659999999,7137526.6,7137526.6,4550074.98,3021090.01,Muestra didáctica inspirada en campos visibles de DJBR públicas
REG-100209,3983516,FUNCIONARIO_210,2019,ACTUALIZACION,Ministerio de Salud Pública y Bienestar Social,Médico/a,19946153.81,0.0,19946153.81,5857834.83,5857834.83,3916676.87,,Muestra didáctica inspirada en campos visibles de DJBR públicas
REG-100210,3825494,FUNCIONARIO_211,2019,CESE,ESSAP,Operador/a,2611602.16,0.0,2611602.16,4065353.12,0.0,2399437.4,970570.72,Muestra didáctica inspirada en campos visibles de DJBR públicas
REG-100211,1707755,FUNCIONARIO_212,2024,ACTUALIZACION,Ministerio de Salud Pública y Bienestar Social,Lic. en Enfermería,5720440.53,1775891.09,3944549.4400000004,7113830.78,0.0,3665209.49,,Muestra didáctica inspirada en campos visibles de DJBR públicas
REG-100212,4615652,FUNCIONARIO_213,2020,ACTUALIZACION,ESSAP,Seguridad,12373491.05,8115061.69,4258429.36,3849574.21,3849574.21,1967354.7,545766.11,Muestra didáctica inspirada en campos visibles de DJBR públicas
REG-100213,2974847,FUNCIONARIO_214,2020,OTRO,Ministerio de Educación y Ciencias,Docente,6828948.63,4175826.72,2653121.9099999997,3724640.79,3724640.79,2258157.35,393668.28,Muestra didáctica inspirada en campos visibles de DJBR públicas
REG-100214,2793795,FUNCIONARIO_215,2021,ACTUALIZACION,Poder Judicial,Juez/a de Paz,71394420.37,13263037.83,58131382.54000001,10124741.21,0.0,5744228.39,5874471.78,Muestra didáctica inspirada en campos visibles de DJBR públicas
REG-100215,2201700,FUNCIONARIO_216,2023,ASUNCION AL CARGO,Poder Judicial,Auxiliar jurisdiccional,17088997.72,0.0,17088997.72,9679993.72,0.0,3929308.34,4932093.58,Muestra didáctica inspirada en campos visibles de DJBR públicas
REG-100216,4205228,FUNCIONARIO_217,2024,OTRO,Ministerio de Educación y Ciencias,Administrativo/a,7543919.65,1355903.76,6188015.890000001,4090121.53,4090121.53,2116544.7,,Muestra didáctica inspirada en campos visibles de DJBR públicas
REG-100217,2774329,FUNCIONARIO_218,2024,ASUNCION AL CARGO,Municipalidad de Asunción,Administrativo/a,17852637.55,712862.7,17139774.85,6466687.66,6466687.66,4234877.91,,Muestra didáctica inspirada en campos visibles de DJBR públicas
REG-100218,3939152,FUNCIONARIO_219,2020,ASUNCION AL CARGO,Ministerio de Economía y Finanzas,Director/a,11226546.31,51015.38,11175530.93,9052737.44,9052737.44,5071579.5,2453095.77,Muestra didáctica inspirada en campos visibles de DJBR públicas
REG-100219,3975605,FUNCIONARIO_220,2024,ASUNCION AL CARGO,Instituto de Previsión Social,Técnico/a,18773477.59,0.0,18773477.59,3587596.06,3587596.06,2352316.52,,Muestra didáctica inspirada en campos visibles de DJBR públicas
REG-100220,1590381,FUNCIONARIO_221,2021,ACTUALIZACION,Poder Judicial,Secretario/a,31926150.71,0.0,31926150.71,10710471.05,10710471.05,5018713.11,,Muestra didáctica inspirada en campos visibles de DJBR públicas
REG-100221,4410326,FUNCIONARIO_222,2024,ACTUALIZACION,Poder Judicial,Actuario/a,38453286.0,11356051.96,27097234.04,10052584.85,0.0,5950788.75,,Muestra didáctica inspirada en campos visibles de DJBR públicas
REG-100222,2917043,FUNCIONARIO_223,2020,ACTUALIZACION,Ministerio de Educación y Ciencias,Administrativo/a,533665.64,52947.66,480717.98,4482794.19,4482794.19,1955412.94,493534.64,Muestra didáctica inspirada en campos visibles de DJBR públicas
REG-100223,4932436,FUNCIONARIO_224,2021,ACTUALIZACION,Ministerio de Salud Pública y Bienestar Social,Técnico/a,2875463.2,0.0,2875463.2,4981177.35,4981177.35,2872681.13,1982006.78,Muestra didáctica inspirada en campos visibles de DJBR públicas
REG-100224,2038336,FUNCIONARIO_225,2024,ACTUALIZACION,Instituto de Previsión Social,Administrativo/a,20433819.88,0.0,20433819.88,5860596.13,5860596.13,4153300.02,,Muestra didáctica inspirada en campos visibles de DJBR públicas
REG-100225,3032714,FUNCIONARIO_226,2019,ASUNCION AL CARGO,Universidad Nacional de Asunción,Médico/a,10781242.13,2865835.58,7915406.550000001,6290151.55,6290151.55,2267815.59,,Muestra didáctica inspirada en campos visibles de DJBR públicas
REG-100226,2809595,FUNCIONARIO_227,2020,ASUNCION AL CARGO,ESSAP,Operador/a,2490113.2,0.0,2490113.2,3022782.85,0.0,2090682.62,1326692.02,Muestra didáctica inspirada en campos visibles de DJBR públicas
REG-100227,2072358,FUNCIONARIO_228,2020,ACTUALIZACION,Universidad Nacional de Asunción,Técnico/a,14078149.63,1095299.44,12982850.190000001,6437255.46,0.0,2989797.75,399848.88,Muestra didáctica inspirada en campos visibles de DJBR públicas
REG-100228,1562621,FUNCIONARIO_229,2019,ACTUALIZACION,Gobernación de Central,Técnico/a,141960705.3,438671.51,141522033.79000002,6335471.21,0.0,4638346.75,,Muestra didáctica inspirada en campos visibles de DJBR públicas
REG-100229,4492099,FUNCIONARIO_230,2024,ACTUALIZACION,Ministerio de Salud Pública y Bienestar Social,Técnico/a,29376024.47,0.0,29376024.47,5927160.48,0.0,2813546.92,2132645.17,Muestra didáctica inspirada en campos visibles de DJBR públicas
REG-100230,1876110,FUNCIONARIO_231,2019,ACTUALIZACION,Ministerio de Salud Pública y Bienestar Social,Médico/a,11844427.56,4096700.01,7747727.550000001,8916859.1,0.0,5991393.24,,Muestra didáctica inspirada en campos visibles de DJBR públicas
REG-100231,1959131,FUNCIONARIO_232,2024,ACTUALIZACION,Ministerio de Obras Públicas y Comunicaciones,Administrativo/a,20275282.28,7474302.56,12800979.720000003,5952819.11,5952819.11,2295214.46,,Muestra didáctica inspirada en campos visibles de DJBR públicas
REG-100232,2567343,FUNCIONARIO_233,2024,ACTUALIZACION,Ministerio de Economía y Finanzas,Director/a,13700007.19,1641242.38,12058764.809999999,11898285.03,0.0,8819907.8,,Muestra didáctica inspirada en campos visibles de DJBR públicas
REG-100233,2396436,FUNCIONARIO_234,2019,ACTUALIZACION,Ministerio de Salud Pública y Bienestar Social,Chofer,9623950.28,2818150.57,6805799.709999999,6846559.34,6846559.34,2805855.68,,Muestra didáctica inspirada en campos visibles de DJBR públicas
REG-100234,4200303,FUNCIONARIO_235,2024,ACTUALIZACION,Poder Judicial,Secretario/a,52516623.53,32247742.94,20268880.59,8446359.2,8446359.2,3131234.16,2094931.52,Muestra didáctica inspirada en campos visibles de DJBR públicas
REG-100235,4257443,FUNCIONARIO_236,2024,ACTUALIZACION,Ministerio de Educación y Ciencias,Docente,16036095.89,0.0,16036095.89,5444777.82,5444777.82,2341199.42,1925481.16,Muestra didáctica inspirada en campos visibles de DJBR públicas
REG-100236,2170694,FUNCIONARIO_237,2023,ACTUALIZACION,Ministerio de Educación y Ciencias,Supervisor/a,4035367.23,829961.31,3205405.92,3219409.82,3219409.82,1535592.92,402846.35,Muestra didáctica inspirada en campos visibles de DJBR públicas
REG-100237,1288816,FUNCIONARIO_238,2019,ASUNCION AL CARGO,ESSAP,Técnico/a,7979827.33,885392.75,7094434.58,3915144.0,0.0,1442703.12,1631740.65,Muestra didáctica inspirada en campos visibles de DJBR públicas
REG-100238,3852880,FUNCIONARIO_239,2019,OTRO,Instituto de Previsión Social,Técnico/a,6771491.36,0.0,6771491.36,4343154.9,0.0,2440556.73,1182898.89,Muestra didáctica inspirada en campos visibles de DJBR públicas
REG-100239,1687605,FUNCIONARIO_240,2020,RENOVACION DE CONTRATO,Ministerio de Obras Públicas y Comunicaciones,Ingeniero/a,7749941.14,1348556.17,6401384.97,4095189.8,0.0,1664911.1,2135319.02,Muestra didáctica inspirada en campos visibles de DJBR públicas
